{
  "images" : [
    {
      "filename" : "baseline_account_box_black_36pt_1x.png",
      "idiom" : "universal",
      "scale" : "1x"
    },
    {
      "appearances" : [
        {
          "appearance" : "luminosity",
          "value" : "dark"
        }
      ],
      "filename" : "baseline_account_box_white_36pt_1x.png",
      "idiom" : "universal",
      "scale" : "1x"
    },
    {
      "filename" : "baseline_account_box_black_36pt_2x.png",
      "idiom" : "universal",
      "scale" : "2x"
    },
    {
      "appearances" : [
        {
          "appearance" : "luminosity",
          "value" : "dark"
        }
      ],
      "filename" : "baseline_account_box_white_36pt_2x.png",
      "idiom" : "universal",
      "scale" : "2x"
    },
    {
      "filename" : "baseline_account_box_black_36pt_3x.png",
      "idiom" : "universal",
      "scale" : "3x"
    },
    {
      "appearances" : [
        {
          "appearance" : "luminosity",
          "value" : "dark"
        }
      ],
      "filename" : "baseline_account_box_white_36pt_3x.png",
      "idiom" : "universal",
      "scale" : "3x"
    }
  ],
  "info" : {
    "author" : "xcode",
    "version" : 1
  }
}
